id,first_name,last_name,email,gender,department,salary,bonus,dateOfBirth
1,Jayme,Shellard,jshellard0@buzzfeed.com,Female,Human Resources,2224,,14/10/1977
2,Harley,Hall,hhall1@discovery.com,Female,Research and Development,3282,1839,19/04/1995
3,Nannie,Drage,ndrage2@google.es,Female,Services,2254,1272,18/04/1970
4,Chance,Vasechkin,cvasechkin3@linkedin.com,Male,Product Management,3874,,11/04/1992
5,Alejandro,Sibbit,asibbit4@bravesites.com,Male,Engineering,6038,2060,14/05/2009
6,Tammie,Skune,tskune5@smugmug.com,Female,Services,6707,2811,07/02/1974
7,Ahmed,Sedgmond,asedgmond6@spiegel.de,Male,Accounting,5064,1574,08/10/1961
8,Yanaton,Nyssens,ynyssens7@usa.gov,Male,Human Resources,2082,,27/08/2008
9,Hedy,Flaune,hflaune8@taobao.com,Female,Services,3239,1929,09/11/1971
10,Jennee,Northing,jnorthing9@myspace.com,Female,Services,4855,,18/11/1962
11,Elisabeth,Vause,evausea@fema.gov,Female,Product Management,5900,2684,02/07/1979
12,Anne-corinne,Gregorin,agregorinb@is.gd,Female,Services,5257,1093,23/09/1969
13,Cara,Rogeon,crogeonc@apache.org,Female,Business Development,3594,,02/05/1960
14,Lilias,Glanvill,lglanvilld@state.gov,Female,Services,4448,2850,10/07/1968
15,Queenie,Feldmus,qfeldmuse@businessweek.com,Female,Engineering,6976,2734,06/03/1998
16,Brennen,Lapthorn,blapthornf@theglobeandmail.com,Male,Product Management,2740,,06/12/1968
17,Clayson,Hirthe,chirtheg@upenn.edu,Male,Training,2588,1872,28/04/1993
18,Maudie,Lapping,mlappingh@google.cn,Female,Training,2949,2629,01/09/1986
19,Nico,Bagnall,nbagnalli@adobe.com,Male,Services,5677,2525,30/03/2008
20,Nelli,Brownrigg,nbrownriggj@wufoo.com,Genderqueer,Legal,4529,,09/05/1995
21,Guntar,Stoodley,gstoodleyk@ted.com,Male,Accounting,3634,1000,12/08/1963
22,Atalanta,Mayward,amaywardl@icio.us,Female,Business Development,2743,2597,03/03/1988
23,Zonda,Loeber,zloeberm@instagram.com,Female,Engineering,4493,,17/03/1989
24,Gianina,Elster,gelstern@globo.com,Female,Sales,5149,1925,11/02/1978
25,Anabel,Reboul,areboulo@aboutads.info,Female,Sales,2478,,13/01/1966
26,Cristin,Gotliffe,cgotliffep@cornell.edu,Polygender,Human Resources,6593,1001,09/06/1979
27,Elvin,Iannuzzi,eiannuzziq@webeden.co.uk,Male,Accounting,2548,513,09/05/1996
28,Alisun,Yelland,ayellandr@businesswire.com,Female,Human Resources,5221,1201,23/11/1979
29,Bessy,Linneman,blinnemans@desdev.cn,Female,Marketing,6279,,02/03/1962
30,Rozanna,Polfer,rpolfert@list-manage.com,Female,Legal,4999,1171,02/04/1979
31,Baryram,Kubiak,bkubiaku@ucoz.ru,Male,Marketing,4799,,28/06/1983
32,Pascal,Farnill,pfarnillv@msu.edu,Male,Research and Development,2016,,24/04/1988
33,Idalia,Growy,igrowyw@vimeo.com,Female,Legal,2694,2483,24/02/1978
34,Kaine,Abrahim,kabrahimx@psu.edu,Male,Support,2270,1082,14/05/1998
35,Colby,Sergison,csergisony@eepurl.com,Male,Business Development,4263,,05/11/1965
36,Johannes,Grealey,jgrealeyz@cmu.edu,Agender,Business Development,4990,,11/11/2004
37,Giulia,Rawling,grawling10@ow.ly,Female,Engineering,3658,,28/05/2002
38,Win,Lote,wlote11@sun.com,Male,Sales,4496,415,24/01/1977
39,Jacquenette,Bodechon,jbodechon12@mapy.cz,Female,Business Development,5852,2297,25/08/1975
40,Theo,Bramwell,tbramwell13@edublogs.org,Male,Human Resources,2541,,23/12/1970
41,Quintina,Peltzer,qpeltzer14@sohu.com,Female,Business Development,4019,,29/07/1982
42,Oliver,Bramont,obramont15@vkontakte.ru,Non-binary,Accounting,5602,,08/10/1990
43,Dalia,Squirrell,dsquirrell16@nsw.gov.au,Female,Accounting,2334,585,19/07/1961
44,Merrielle,O'Donnelly,modonnelly17@imgur.com,Female,Human Resources,3909,,14/01/1994
45,Annmaria,Eyers,aeyers18@pen.io,Female,Accounting,5562,,18/01/1977
46,Goddart,Killeen,gkilleen19@yahoo.com,Male,Human Resources,4058,864,25/05/2003
47,Brandon,Blaxland,bblaxland1a@imageshack.us,Male,Business Development,5133,2493,17/06/1999
48,Teddy,Freer,tfreer1b@wordpress.com,Female,Business Development,6452,,26/10/2006
49,Cointon,Bebbington,cbebbington1c@mapy.cz,Male,Support,4158,1885,30/04/1996
50,Meredeth,Lackner,mlackner1d@soundcloud.com,Male,Marketing,5802,,14/11/1982
51,Agosto,Billison,abillison1e@blog.com,Male,Human Resources,4349,1726,19/03/1994
52,Marianna,Rampage,mrampage1f@uiuc.edu,Genderfluid,Training,3433,,03/02/1999
53,Danell,O' Brian,dobrian1g@technorati.com,Female,Sales,3696,2095,31/05/1997
54,Paul,Ondrus,pondrus1h@ibm.com,Non-binary,Human Resources,5634,2143,21/07/1973
55,Clyde,Chinnick,cchinnick1i@digg.com,Male,Sales,6248,974,28/02/1969
56,Gideon,Battle,gbattle1j@hugedomains.com,Male,Legal,4341,2399,24/02/1961
57,Ossie,Rickaby,orickaby1k@mtv.com,Male,Human Resources,3323,,05/10/1998
58,Munroe,Ullyott,mullyott1l@skype.com,Male,Sales,4748,,26/11/1978
59,Ettore,Dunbleton,edunbleton1m@bravesites.com,Male,Services,3620,892,20/10/2001
60,Katuscha,Stood,kstood1n@narod.ru,Female,Support,4253,,26/02/1997
61,Anette,Shrubsall,ashrubsall1o@godaddy.com,Female,Accounting,4258,1303,18/07/1996
62,Adlai,Verni,averni1p@friendfeed.com,Male,Accounting,6752,2286,30/04/1987
63,Archy,Golding,agolding1q@google.fr,Male,Services,5296,,12/10/1965
64,Jerri,Collison,jcollison1r@123-reg.co.uk,Male,Marketing,6106,,16/04/1977
65,Shana,Hover,shover1s@altervista.org,Female,Support,4191,,10/01/1962
66,Jaime,Klemz,jklemz1t@github.io,Female,Services,4803,1605,30/06/1971
67,Manda,Chritchlow,mchritchlow1u@mozilla.com,Female,Business Development,3165,,14/03/1981
68,Cassandry,Wailes,cwailes1v@desdev.cn,Female,Services,5901,2406,07/10/1978
69,Laure,Coleby,lcoleby1w@psu.edu,Female,Marketing,2498,1413,16/03/1998
70,Jordon,Dotson,jdotson1x@independent.co.uk,Male,Support,5234,,11/04/1970
71,Bettina,Vauls,bvauls1y@merriam-webster.com,Female,Accounting,3620,,30/06/1996
72,Candace,Domm,cdomm1z@indiegogo.com,Female,Product Management,4482,,05/08/1977
73,Bernetta,Bellow,bbellow20@flickr.com,Female,Accounting,5605,2097,15/10/1963
74,Vincents,Chidler,vchidler21@mtv.com,Male,Accounting,5385,1947,26/06/1966
75,Imelda,Sweett,isweett22@artisteer.com,Female,Research and Development,6905,1796,03/07/1962
76,Adan,Clougher,aclougher23@howstuffworks.com,Female,Services,2358,2428,08/10/1969
77,Dominic,Kidwell,dkidwell24@arizona.edu,Male,Training,6296,,01/12/1991
78,Ezekiel,Rickardsson,erickardsson25@hibu.com,Bigender,Marketing,6738,1622,23/07/1991
79,Khalil,Myhill,kmyhill26@disqus.com,Male,Accounting,3515,1011,04/03/1989
80,Marion,Labbett,mlabbett27@wired.com,Female,Legal,5273,1743,02/12/1987
81,Alfie,Lucius,alucius28@nba.com,Female,Marketing,3469,1832,17/11/1960
82,Roman,Heigold,rheigold29@123-reg.co.uk,Male,Research and Development,2091,1089,15/07/1992
83,Hiram,Craw,hcraw2a@angelfire.com,Male,Legal,6201,3000,24/08/1976
84,Vasily,Presley,vpresley2b@scribd.com,Male,Marketing,5771,1673,02/06/1975
85,Colman,Kittman,ckittman2c@github.com,Male,Support,2063,,03/05/1988
86,Aldridge,Starling,astarling2d@dagondesign.com,Male,Services,6807,657,11/09/1968
87,Andreas,Tassell,atassell2e@samsung.com,Male,Engineering,6903,,06/08/1998
88,Lori,Lackinton,llackinton2f@yahoo.com,Female,Legal,3217,1284,06/03/1967
89,Caren,Woehler,cwoehler2g@twitpic.com,Genderqueer,Support,5677,,24/12/1992
90,Huberto,Waple,hwaple2h@princeton.edu,Male,Human Resources,5319,,01/05/1963
91,Lucio,Leeburn,lleeburn2i@aol.com,Non-binary,Training,4520,2766,09/02/1968
92,Lindon,Heatley,lheatley2j@topsy.com,Male,Services,6806,,15/06/1983
93,Candide,Ferriby,cferriby2k@twitpic.com,Female,Support,4279,,29/11/2000
94,Tull,Bonevant,tbonevant2l@theatlantic.com,Male,Training,5625,,28/11/1988
95,Portie,Bowlesworth,pbowlesworth2m@biblegateway.com,Male,Engineering,2615,1624,16/12/1995
96,Elva,Roon,eroon2n@independent.co.uk,Female,Engineering,4975,,31/12/1982
97,Jayson,Vogel,jvogel2o@state.tx.us,Non-binary,Sales,5088,2365,17/12/1981
98,Amby,Jeays,ajeays2p@yahoo.com,Male,Services,2568,,30/08/1960
99,Crin,Gwynn,cgwynn2q@ox.ac.uk,Female,Engineering,5363,,02/03/1997
100,Stewart,Lacey,slacey2r@adobe.com,Male,Accounting,4875,,25/02/1979
